Date,Open,High,Low,Close,Volume,SMA20,SMA50,Signal,Crossover,EMA20,RSI,Daily Return,Month,Dollar Volume,Dollar Volume (M)
2024-05-31 04:00:00+00:00,178.3000030517578,179.2100067138672,173.8699951171875,176.44000244140625,58903900,,,0,,176.44000244140625,,,2024-05,10393004259.80835,10393.00425980835
2024-06-03 04:00:00+00:00,177.6999969482422,178.6999969482422,175.9199981689453,178.33999633789062,30786600,,,0,0.0,176.62095424107144,,0.01076849847083472,2024-06,5490482131.2561035,5490.4821312561035
2024-06-04 04:00:00+00:00,177.63999938964844,179.82000732421875,176.44000244140625,179.33999633789062,27198400,,,0,0.0,176.87991063124468,,0.00560726713319748,2024-06,4877760956.396484,4877.760956396484
2024-06-05 04:00:00+00:00,180.10000610351562,181.5,178.75,181.27999877929688,32116400,,,0,0.0,177.2989666453449,,0.010817455564965828,2024-06,5822060952.79541,5822.06095279541
2024-06-06 04:00:00+00:00,181.75,185.0,181.4900054931641,185.0,31371200,,,0,0.0,178.0323983934073,,0.020520748266509736,2024-06,5803672000.0,5803.672
2024-06-07 04:00:00+00:00,184.8999938964844,186.2899932861328,183.3600006103516,184.3000030517578,28021500,,,0,0.0,178.62931312277402,,-0.003783767287795614,2024-06,5164362535.514832,5164.3625355148315
2024-06-10 04:00:00+00:00,184.07000732421875,187.22999572753903,183.7899932861328,187.05999755859372,34494500,,,0,0.0,179.43223544999495,,0.014975553234585659,2024-06,6452541085.784911,6452.541085784911
2024-06-11 04:00:00+00:00,187.05999755859372,187.7700042724609,184.5399932861328,187.22999572753903,27265100,,,0,0.0,180.17487928595153,,0.0009087895389929823,2024-06,5104844556.510924,5104.844556510924
2024-06-12 04:00:00+00:00,188.0200042724609,188.3500061035156,185.42999267578125,186.88999938964844,33984200,,,0,0.0,180.81441453392267,,-0.0018159287809063063,2024-06,6351307117.25769,6351.30711725769
2024-06-13 04:00:00+00:00,186.08999633789065,187.6699981689453,182.6699981689453,183.8300018310547,39721500,,,0,0.0,181.10161332412574,,-0.016373254687715777,2024-06,7302003417.732239,7302.003417732239
2024-06-14 04:00:00+00:00,183.0800018310547,183.72000122070312,182.22999572753903,183.66000366210935,25456400,,,0,0.0,181.34526954679083,,-0.0009247574783879386,2024-06,4675322517.22412,4675.32251722412
2024-06-17 04:00:00+00:00,182.5200042724609,185.0,181.22000122070312,184.05999755859372,35601900,,,0,0.0,181.60381507172443,,0.002177904217078641,2024-06,6552885627.081298,6552.885627081298
2024-06-18 04:00:00+00:00,183.7400054931641,184.2899932861328,181.42999267578125,182.80999755859372,36659200,,,0,0.0,181.7186895942834,,-0.006791263808433312,2024-06,6701668262.499999,6701.668262499999
2024-06-20 04:00:00+00:00,182.91000366210935,186.50999450683597,182.72000122070312,186.1000061035156,44726800,,,0,0.0,182.13595783325792,69.25056870492224,0.017996874289478493,2024-06,8323657752.990722,8323.65775299072
2024-06-21 04:00:00+00:00,187.8000030517578,189.27999877929688,185.8600006103516,189.0800018310547,72931800,,,0,0.0,182.79729535685763,75.10818260784345,0.01601287280926522,2024-06,13789944877.542114,13789.944877542115
2024-06-24 04:00:00+00:00,189.3300018310547,191.0,185.3300018310547,185.57000732421875,50610400,,,0,0.0,183.06136316327297,60.49137340647066,-0.0185635417434159,2024-06,9391772298.68164,9391.77229868164
2024-06-25 04:00:00+00:00,186.80999755859372,188.83999633789065,185.4199981689453,186.33999633789065,45898500,,,0,0.0,183.373613941808,62.22796801545715,0.004149318226444931,2024-06,8552726321.914674,8552.726321914673
2024-06-26 04:00:00+00:00,186.9199981689453,194.8000030517578,186.25999450683597,193.6100006103516,65103900,,,0,0.0,184.34850791024073,73.89508625027639,0.03901472799901873,2024-06,12604766118.736269,12604.766118736268
2024-06-27 04:00:00+00:00,195.00999450683597,199.83999633789065,194.1999969482422,197.8500061035156,74397500,,,0,0.0,185.63436488102883,78.1366532335997,0.02189972356695158,2024-06,14719545829.086302,14719.545829086303
2024-06-28 04:00:00+00:00,197.72999572753903,198.8500061035156,192.5,193.25,76930200,185.60200042724608,,0,0.0,186.359663463788,65.6700512428054,-0.023249966952787804,2024-06,14866761150.0,14866.76115
2024-07-01 04:00:00+00:00,193.4900054931641,198.3000030517578,192.82000732421875,197.1999969482422,41192000,186.6400001525879,,0,0.0,187.39207617659315,70.08393412399272,0.02043982896891161,2024-07,8123062274.291992,8123.062274291992
2024-07-02 04:00:00+00:00,197.27999877929688,200.42999267578125,195.92999267578125,200.0,45600000,187.72300033569337,,0,0.0,188.5928308264414,72.75778114157234,0.014198798656638534,2024-07,9120000000.0,9120.0
2024-07-03 04:00:00+00:00,199.94000244140625,200.02999877929688,196.75999450683597,197.58999633789065,31597900,188.63550033569337,,0,0.0,189.4497037322937,67.19120225449672,-0.01205001831054675,2024-07,6243428945.285035,6243.428945285035
2024-07-05 04:00:00+00:00,198.6499938964844,200.5500030517578,198.1699981689453,200.0,39858900,189.5715003967285,,0,0.0,190.45449385302763,69.68866314638092,0.012196992290986808,2024-07,7971780000.0,7971.78
2024-07-08 04:00:00+00:00,200.0399932861328,201.1999969482422,197.9600067138672,199.2899932861328,34767300,190.28600006103517,,0,0.0,191.29596998951385,68.04529111008615,-0.0035500335693359197,2024-07,6928774983.576965,6928.7749835769655
2024-07-09 04:00:00+00:00,199.3999938964844,200.57000732421875,199.0500030517578,199.33999633789065,32700100,191.0379997253418,,0,0.0,192.06206773697832,68.10234054081695,0.00025090598345323123,2024-07,6518437814.248658,6518.4378142486585
2024-07-10 04:00:00+00:00,200.0,200.1100006103516,197.69000244140625,199.7899932861328,32883800,191.67449951171875,,0,0.0,192.79806064642162,68.64486935083065,0.002257434315787732,2024-07,6569854181.222534,6569.854181222534
2024-07-11 04:00:00+00:00,200.08999633789065,200.2700042724609,192.8600006103516,195.0500030517578,44565000,192.06549987792968,,0,0.0,193.01253135169173,57.54272275161557,-0.023724863074531144,2024-07,8692403386.001587,8692.403386001586
2024-07-12 04:00:00+00:00,194.8000030517578,196.47000122070312,193.8300018310547,194.4900054931641,30598500,192.44550018310548,,0,0.0,193.1532431746891,56.38251257512025,-0.0028710461411535215,2024-07,5951102433.0825815,5951.102433082581
2024-07-15 04:00:00+00:00,194.55999755859372,196.19000244140625,190.8300018310547,192.72000122070312,40683200,192.8900001525879,,0,0.0,193.11198203621424,52.76145140578124,-0.009100746683475047,2024-07,7840466353.662109,7840.466353662109
2024-07-16 04:00:00+00:00,195.58999633789065,196.6199951171875,192.2400054931641,193.0200042724609,33994700,193.35800018310547,,0,0.0,193.1032222491901,53.308798138747974,0.0015566783408962337,2024-07,6561657139.241027,6561.657139241027
2024-07-17 04:00:00+00:00,191.3500061035156,191.5800018310547,185.9900054931641,187.92999267578125,48076100,193.55149993896484,,0,0.0,192.61053371838926,43.994641267217254,-0.02637038381521717,2024-07,9034941120.880127,9034.941120880127
2024-07-18 04:00:00+00:00,189.58999633789065,189.67999267578125,181.4499969482422,183.75,51043600,193.59850006103517,,0,0.0,191.76667336425695,38.10641862014293,-0.022242286163404512,2024-07,9379261500.0,9379.2615
2024-07-19 04:00:00+00:00,181.13999938964844,184.92999267578125,180.11000061035156,183.1300048828125,43081800,193.45,,0,0.0,190.9441335088813,37.30880382824243,-0.0033741230867346816,2024-07,7889570244.360352,7889.570244360351
2024-07-22 04:00:00+00:00,185.0,185.05999755859372,182.47999572753903,182.5500030517578,39931900,193.12350006103514,,0,0.0,190.14469251296478,36.53830976378859,-0.003167158934036185,2024-07,7289568466.862488,7289.568466862488
2024-07-23 04:00:00+00:00,184.1000061035156,189.38999938964844,183.55999755859372,186.41000366210935,47537700,193.16549987792968,,0,0.0,189.78900786050235,44.72042119312993,0.021144894800451564,2024-07,8861502831.088255,8861.502831088255
2024-07-24 04:00:00+00:00,183.1999969482422,185.4499969482422,180.41000366210935,180.8300018310547,41532400,192.8900001525879,,0,0.0,188.93576919103114,37.24474600786752,-0.029934025650088403,2024-07,7510303968.048096,7510.303968048096
2024-07-25 04:00:00+00:00,182.91000366210935,183.8999938964844,176.8000030517578,179.85000610351562,44464200,192.2020004272461,,0,0.0,188.07045842079157,36.10327302223838,-0.005419431054668911,2024-07,7996886641.387939,7996.88664138794
2024-07-26 04:00:00+00:00,180.38999938964844,183.19000244140625,180.2400054931641,182.5,29506000,191.43450012207032,,0,0.0,187.53993857119238,41.33876167018259,0.014734466536293178,2024-07,5384845000.0,5384.845
2024-07-29 04:00:00+00:00,183.83999633789065,184.75,182.3800048828125,183.1999969482422,33270100,190.93199996948243,,0,0.0,187.12661079757805,42.67492394462489,0.003835599716395466,2024-07,6095082218.467712,6095.082218467713
2024-07-30 04:00:00+00:00,184.72000122070312,185.8600006103516,179.3800048828125,181.7100067138672,39508600,190.15750045776366,,0,0.0,186.61074374198654,40.557299379486224,-0.008133134602594794,2024-07,7179107971.255493,7179.107971255493
2024-07-31 04:00:00+00:00,185.0500030517578,187.94000244140625,184.4600067138672,186.97999572753903,41667300,189.50650024414062,,0,0.0,186.64591059775344,50.006603468105254,0.029002194810164417,2024-07,7790951575.978087,7790.951575978087
2024-08-01 04:00:00+00:00,189.2899932861328,190.6000061035156,181.8699951171875,184.07000732421875,70435600,188.83050079345702,,0,0.0,186.40058647646444,45.68776066451067,-0.015563100170141286,2024-08,12965081407.885742,12965.081407885742
2024-08-02 04:00:00+00:00,166.75,168.77000427246094,160.5500030517578,167.89999389648438,141448400,187.22550048828126,,0,0.0,184.6386252783711,30.12064593634483,-0.0878470841762542,2024-08,23749185496.66748,23749.18549666748
2024-08-05 04:00:00+00:00,154.2100067138672,162.9600067138672,151.61000061035156,161.02000427246094,83149400,185.31200103759767,,0,0.0,182.38923280161777,26.053122032826778,-0.04097671157906757,2024-08,13388716743.252563,13388.716743252564
2024-08-06 04:00:00+00:00,161.7100067138672,165.0800018310547,158.5399932861328,161.92999267578125,59950800,183.44150085449218,,0,0.0,180.4407337420143,27.448667479359813,0.005651399696776416,2024-08,9707832604.907227,9707.832604907226
2024-08-07 04:00:00+00:00,166.5500030517578,167.5800018310547,161.42999267578125,162.77000427246094,48408200,181.5905014038086,,0,0.0,178.75780712586635,28.784743867818435,0.0051874985158653075,2024-08,7879402920.822144,7879.402920822144
2024-08-08 04:00:00+00:00,165.1699981689453,166.69000244140625,162.5500030517578,165.8000030517578,44616200,180.12800140380858,,0,0.0,177.5237305473798,33.53912307852113,0.018615215947435537,2024-08,7397366096.157837,7397.366096157837
2024-08-09 04:00:00+00:00,166.39999389648438,168.5500030517578,165.85000610351562,166.94000244140625,36401000,178.7505012512207,,0,0.0,176.515756442049,35.28954239494688,0.00687575011257735,2024-08,6076783028.869629,6076.783028869629
2024-08-12 04:00:00+00:00,168.13999938964844,168.5500030517578,166.11000061035156,166.8000030517578,30072800,177.45450134277343,184.7320004272461,-1,-1.0,175.5904465953546,35.16704745635961,-0.000838620987187122,2024-08,5016143131.774902,5016.143131774902
2024-08-13 04:00:00+00:00,167.80999755859375,171.0399932861328,167.10000610351562,170.22999572753906,39237900,176.31500091552735,184.60780029296876,-1,0.0,175.07992746508643,40.606586946663484,0.020563504874259175,2024-08,6679467549.357605,6679.467549357605
2024-08-14 04:00:00+00:00,172.11000061035156,172.27999877929688,168.86000061035156,170.10000610351562,28843800,175.42350158691406,184.44300048828126,-1,0.0,174.60564924017493,40.46801401536338,-0.0007636117446156998,2024-08,4906330556.048584,4906.330556048584
2024-08-15 04:00:00+00:00,174.86000061035156,177.91000366210938,173.99000549316406,177.58999633789062,51698500,175.1155014038086,184.40800048828126,-1,0.0,174.8898727732907,50.87137706370216,0.04403286281963403,2024-08,9181136425.674438,9181.136425674438
2024-08-16 04:00:00+00:00,177.0399932861328,178.33999633789062,176.25999450683594,177.05999755859375,31489200,174.81200103759767,184.3236004638672,-1,0.0,175.09655132427196,50.20283319217911,-0.002984395462729106,2024-08,5575477675.12207,5575.477675122071
2024-08-19 04:00:00+00:00,177.63999938964844,178.3000030517578,176.16000366210938,178.22000122070312,31129800,174.59550094604492,184.18800048828126,-1,0.0,175.39402274297967,51.69900567700765,0.006551472258579993,2024-08,5547952994.000244,5547.952994000244
2024-08-20 04:00:00+00:00,177.9199981689453,179.00999450683594,177.42999267578125,178.8800048828125,26255200,174.21900100708007,184.07960052490233,-1,0.0,175.72602104201138,52.572142302005766,0.003703308593809629,2024-08,4696530304.199219,4696.530304199218
2024-08-21 04:00:00+00:00,179.9199981689453,182.38999938964844,178.88999938964844,180.11000061035156,35599100,174.18300094604493,183.9406005859375,-1,0.0,176.14354290566283,54.23258708993934,0.006876093995775934,2024-08,6411753922.727966,6411.753922727967
2024-08-22 04:00:00+00:00,181.3800048828125,181.47000122070312,175.67999267578125,176.1300048828125,32047500,173.99700088500975,183.71860076904298,-1,0.0,176.1422535701533,48.33570220629781,-0.022097583221652117,2024-08,5644526331.481934,5644.526331481934
2024-08-23 04:00:00+00:00,177.33999633789062,178.97000122070312,175.24000549316406,177.0399932861328,29150100,173.7240005493164,183.52160064697264,-1,0.0,176.2277525907228,49.682853180947525,0.005166572293719973,2024-08,5160733508.2901,5160.7335082901
2024-08-26 04:00:00+00:00,176.6999969482422,177.47000122070312,174.3000030517578,175.5,22366200,173.3390007019043,183.35500061035157,-1,0.0,176.15844282017778,47.42894184800119,-0.00869856159361615,2024-08,3925268100.0,3925.2681
2024-08-27 04:00:00+00:00,174.14999389648438,174.88999938964844,172.25,173.1199951171875,29842000,172.9095001220703,183.14420043945313,-1,0.0,175.86906684846443,44.09924170706119,-0.013561281383547064,2024-08,5166246894.287109,5166.246894287109
2024-08-28 04:00:00+00:00,173.69000244140625,173.69000244140625,168.9199981689453,170.8000030517578,29045000,172.10050048828126,182.8790005493164,-1,0.0,175.3862988678257,41.072300065073655,-0.013401063602498708,2024-08,4960886088.638306,4960.886088638305
2024-08-29 04:00:00+00:00,173.22000122070312,174.2899932861328,170.80999755859375,172.1199951171875,26407800,171.50299987792968,182.66520050048828,-1,0.0,175.07522232014588,43.45062001226656,0.007728290643119529,2024-08,4545310407.055664,4545.310407055664
2024-08-30 04:00:00+00:00,172.77999877929688,178.89999389648438,172.60000610351562,178.5,43429400,172.03300018310546,182.51320037841796,-1,0.0,175.40139162298914,53.26807340128904,0.037067191865004956,2024-08,7752147900.0,7752.1479
2024-09-03 04:00:00+00:00,177.5500030517578,178.25999450683594,175.25999450683594,176.25,37817500,172.79449996948242,182.25660034179688,-1,0.0,175.48221146841874,49.9730888345965,-0.012605042016806678,2024-09,6665334375.0,6665.334375
2024-09-04 04:00:00+00:00,174.47999572753906,175.97999572753906,172.5399932861328,173.3300018310547,30309200,173.3645004272461,182.0118002319336,-1,0.0,175.27723912200312,45.99662441706086,-0.016567365497562103,2024-09,5253493691.497803,5253.4936914978025
2024-09-05 04:00:00+00:00,175.0,179.8800048828125,175.0,177.88999938964844,40170500,174.12050018310546,181.84280029296875,-1,0.0,175.52607343320744,52.37050079753846,0.026308183871355473,2024-09,7145930220.481873,7145.930220481872
2024-09-06 04:00:00+00:00,177.24000549316406,178.3800048828125,171.16000366210938,171.38999938964844,41466500,174.4,181.3984002685547,-1,0.0,175.13216161953514,44.33735044432005,-0.03653943460735232,2024-09,7106943409.690857,7106.943409690857
2024-09-09 04:00:00+00:00,174.52999877929688,175.85000610351562,173.50999450683594,175.39999389648438,29037400,174.8229995727539,180.94940002441408,-1,0.0,175.15766945543507,49.485275995677384,0.023396899008788496,2024-09,5093159782.769775,5093.159782769775
2024-09-10 04:00:00+00:00,177.49000549316406,180.5,176.7899932861328,179.5500030517578,36233800,175.46049957275392,180.6754000854492,-1,0.0,175.57598694079914,54.20558922575758,0.023660258265018275,2024-09,6505778900.576782,6505.778900576782
2024-09-11 04:00:00+00:00,180.10000610351562,184.9900054931641,175.72999572753906,184.5200042724609,42564700,176.175,180.4218002319336,-1,0.0,176.42779811524312,59.13096470907475,0.027680318219044597,2024-09,7854038625.856017,7854.0386258560175
2024-09-12 04:00:00+00:00,184.8000030517578,187.41000366210935,183.5399932861328,187.0,33622500,177.0199996948242,180.1618002319336,-1,0.0,177.43467448521994,61.36401244445507,0.013440254011034769,2024-09,6287407500.0,6287.4075
2024-09-13 04:00:00+00:00,187.0,188.5,185.91000366210935,186.4900054931641,26495400,177.4650001525879,179.93980041503906,-1,0.0,178.29708696216701,60.630355580702236,-0.0027272433520636463,2024-09,4941127291.54358,4941.12729154358
2024-09-16 04:00:00+00:00,185.2899932861328,185.80999755859372,183.3600006103516,184.88999938964844,26065500,177.85650024414062,179.63760040283202,-1,0.0,178.92498338383191,58.276324394130526,-0.00857958097692424,2024-09,4819250279.090881,4819.250279090881
2024-09-17 04:00:00+00:00,186.8500061035156,189.4499969482422,186.13999938964844,186.8800048828125,26091700,178.28950042724608,179.38940063476562,-1,0.0,179.68260447897293,60.33887424180239,0.010763186217390919,2024-09,4876017023.400879,4876.017023400879
2024-09-18 04:00:00+00:00,186.4499969482422,188.8000030517578,185.05999755859372,186.42999267578125,34448100,178.66699981689453,179.13120056152343,-1,0.0,180.32521287866896,59.62111843509716,-0.0024080275860086653,2024-09,6422159030.69458,6422.15903069458
2024-09-19 04:00:00+00:00,190.0399932861328,190.9900054931641,188.47000122070312,189.8699951171875,39543200,179.15499954223634,178.93280059814452,1,2.0,181.23423975852788,63.22258850622797,0.01845197970580159,2024-09,7508067190.917969,7508.067190917969
2024-09-20 04:00:00+00:00,190.22999572753903,191.83999633789065,187.41000366210935,191.6000061035156,100378600,179.9284996032715,178.86380065917967,1,0.0,182.22145560090766,64.91729089161768,0.009111555436973173,2024-09,19232540372.66235,19232.540372662348
2024-09-23 04:00:00+00:00,191.63999938964844,194.4499969482422,190.57000732421875,193.8800048828125,36993100,180.77050018310547,178.85160064697266,1,0.0,183.33179362775573,67.0708799865512,0.011899784481557374,2024-09,7172222408.630371,7172.222408630371
2024-09-24 04:00:00+00:00,194.2700042724609,195.3699951171875,190.1300048828125,193.9600067138672,43478900,181.69350051879883,178.87640075683595,1,0.0,184.3440043978616,67.14708676515833,0.0004126358007008335,2024-09,8433167735.91156,8433.16773591156
2024-09-25 04:00:00+00:00,193.75,193.9499969482422,192.16000366210935,192.52999877929688,26391100,182.66400070190429,178.86660064697264,1,0.0,185.12362291037923,64.28333681779861,-0.007372694808574054,2024-09,5081078450.784302,5081.078450784302
2024-09-26 04:00:00+00:00,194.30999755859372,194.52999877929688,189.5399932861328,191.16000366210935,36334900,183.68200073242187,178.9312008666992,1,0.0,185.6985163153059,61.573954925568195,-0.007115748848874226,2024-09,6945779617.062377,6945.779617062377
2024-09-27 04:00:00+00:00,190.67999267578125,190.8999938964844,187.33999633789065,187.97000122070312,36002300,184.47450103759766,179.01560089111328,1,0.0,185.91484821105803,55.688328731691094,-0.016687603998192024,2024-09,6767352374.94812,6767.35237494812
2024-09-30 04:00:00+00:00,187.13999938964844,188.4900054931641,184.6499938964844,186.3300018310547,41583900,184.8660011291504,179.07960083007814,1,0.0,185.9543866510577,52.88934013311775,-0.008724793206352333,2024-09,7748328163.142395,7748.328163142395
2024-10-01 04:00:00+00:00,184.8999938964844,186.19000244140625,183.4499969482422,185.1300048828125,36044900,185.31000137329102,179.13120086669923,1,0.0,185.87587410170102,50.87442125768706,-0.006440170323887107,2024-10,6672992513.000488,6672.9925130004885
2024-10-02 04:00:00+00:00,184.44000244140625,186.6000061035156,184.0399932861328,184.75999450683597,23704100,185.8815010070801,179.09820068359375,1,0.0,185.769599854571,50.23887413116328,-0.0019986515757440815,2024-10,4379569385.789491,4379.56938578949
2024-10-03 04:00:00+00:00,183.0500030517578,183.44000244140625,180.8800048828125,181.9600067138672,30204300,186.08500137329102,179.12080078125,1,0.0,185.40678146021827,45.59682435597245,-0.015154729791167942,2024-10,5495974630.787659,5495.9746307876585
2024-10-04 04:00:00+00:00,185.75,187.6000061035156,183.6000061035156,186.50999450683597,40890300,186.84100112915038,179.2540005493164,1,0.0,185.51184936941993,53.1693215528932,0.02500542770436165,2024-10,7626449628.3828745,7626.449628382875
2024-10-07 04:00:00+00:00,182.9499969482422,183.6000061035156,180.25,180.8000030517578,42364200,187.11100158691406,179.22000061035158,1,0.0,185.06310210107117,44.750967137683176,-0.03061493551686778,2024-10,7659447489.285278,7659.447489285279
2024-10-08 04:00:00+00:00,181.9199981689453,183.08999633789065,180.9199981689453,182.72000122070312,26372100,187.26950149536134,179.2104006958008,1,0.0,184.8399496362742,47.746874624409536,0.010619458719785868,2024-10,4818710144.192505,4818.710144192505
2024-10-09 04:00:00+00:00,182.82000732421875,185.8500061035156,182.0500030517578,185.1699981689453,26343100,187.30200119018554,179.27960052490235,1,0.0,184.87138282986194,51.37057487492016,0.013408477078997505,2024-10,4877951778.764343,4877.9517787643435
2024-10-10 04:00:00+00:00,187.1300048828125,188.1300048828125,185.8300018310547,186.6499938964844,27785000,187.28450088500978,179.27300048828124,1,0.0,185.04077436001646,53.46977918557327,0.007992632403596822,2024-10,5186070080.413819,5186.07008041382
2024-10-11 04:00:00+00:00,186.6300048828125,189.92999267578125,186.3000030517578,188.82000732421875,25751600,187.4010009765625,179.36800048828124,1,0.0,185.4007013089881,56.438984392318716,0.011626110360002606,2024-10,4862417300.610352,4862.417300610352
2024-10-14 04:00:00+00:00,189.77999877929688,189.8300018310547,187.3600006103516,187.5399932861328,22614400,187.53350067138672,179.76080047607422,1,0.0,185.6044434020495,54.240293752166764,-0.006779016992029097,2024-10,4241104424.169922,4241.104424169922
2024-10-15 04:00:00+00:00,187.6300048828125,188.41000366210935,184.5800018310547,187.69000244140625,32178900,187.5740005493164,180.29420043945314,1,0.0,185.80306807246444,54.46417917789541,0.0007998782160802964,2024-10,6039657819.561768,6039.657819561768
2024-10-16 04:00:00+00:00,187.0500030517578,187.77999877929688,185.6100006103516,186.88999938964844,23456800,187.59700088500978,180.79340057373048,1,0.0,185.90658534076766,52.97558299255603,-0.004262363692000948,2024-10,4383841337.683105,4383.841337683106
2024-10-17 04:00:00+00:00,188.22000122070312,188.94000244140625,186.0,187.52999877929688,25039400,187.48000106811523,181.2886004638672,1,0.0,186.06119614443713,54.05740073721099,0.0034244710350397334,2024-10,4695638651.434326,4695.638651434326
2024-10-18 04:00:00+00:00,187.1499938964844,190.7400054931641,186.27999877929688,188.9900054931641,37417700,187.34950103759766,181.75240051269532,1,0.0,186.34013036812541,56.515102108547524,0.007785456851548744,2024-10,7071571328.541566,7071.571328541566
2024-10-21 04:00:00+00:00,188.0500030517578,189.4600067138672,186.3999938964844,189.07000732421875,24639400,187.10900115966797,182.19500061035157,1,0.0,186.6001186496581,56.65194207280903,0.00042331249658356107,2024-10,4658571538.464355,4658.571538464355
2024-10-22 04:00:00+00:00,188.3500061035156,191.5200042724609,186.97999572753903,189.6999969482422,29650600,186.89600067138673,182.65300048828124,1,0.0,186.89534515428517,57.77868390141949,0.003332044214411578,2024-10,5624718729.51355,5624.71872951355
2024-10-23 04:00:00+00:00,188.8500061035156,189.16000366210935,183.69000244140625,184.7100067138672,31937100,186.50500106811523,182.9426007080078,1,0.0,186.68721768376918,47.29288424806279,-0.026304640562205495,2024-10,5899101955.421448,5899.101955421448
2024-10-24 04:00:00+00:00,185.25,187.1100006103516,183.8600006103516,186.3800048828125,21647400,186.2660011291504,183.26820068359376,1,0.0,186.65795932177332,50.52873098861305,0.009041189476714617,2024-10,4034642517.7001953,4034.642517700195
2024-10-25 04:00:00+00:00,187.8500061035156,190.4499969482422,187.52999877929688,187.8300018310547,29362100,186.25900115966797,183.47300079345703,1,0.0,186.76958241789535,53.214482956299,0.007779788122410869,2024-10,5515083296.763611,5515.083296763611
2024-10-28 04:00:00+00:00,189.57000732421875,190.2100067138672,188.2100067138672,188.38999938964844,27930800,186.36200103759765,183.6996008300781,1,0.0,186.9239078437766,54.247555649216764,0.002981406341556969,2024-10,5261883394.952393,5261.883394952392
2024-10-29 04:00:00+00:00,188.5800018310547,191.4600067138672,187.82000732421875,190.8300018310547,35690200,186.64700088500976,183.95180084228517,1,0.0,187.29591679494592,58.542982379639795,0.012951868195294036,2024-10,6810760931.350708,6810.760931350708
2024-10-30 04:00:00+00:00,194.6999969482422,195.6100006103516,192.4199981689453,192.72999572753903,37707600,187.0455009460449,184.22880065917968,1,0.0,187.81344812185955,61.56866979577736,0.009956473710912794,2024-10,7267385586.895751,7267.385586895751
2024-10-31 04:00:00+00:00,190.50999450683597,190.6000061035156,185.22999572753903,186.3999938964844,75146800,187.2675003051758,184.35460052490234,1,0.0,187.67883343372858,48.79215700876961,-0.032843885079535395,2024-10,14007363061.340334,14007.363061340335
2024-11-01 04:00:00+00:00,199.0,200.5,197.0200042724609,197.92999267578125,99687800,187.83850021362304,184.7906002807617,1,0.0,188.65513431392407,63.60659941955806,0.06185621865256041,2024-11,19731205523.864746,19731.205523864744
2024-11-04 05:00:00+00:00,196.4499969482422,197.3300018310547,194.30999755859372,195.77999877929688,38492100,188.5875,185.165400390625,1,0.0,189.33369283443577,60.11424072784058,-0.01086239567545566,2024-11,7535983291.012573,7535.983291012573
2024-11-05 05:00:00+00:00,196.0399932861328,199.82000732421875,195.9900054931641,199.5,30564800,189.42649993896484,185.645400390625,1,0.0,190.3019125644895,63.816120672978144,0.0190009257528736,2024-11,6097677600.0,6097.6776
2024-11-06 05:00:00+00:00,200.00999450683597,207.5500030517578,199.13999938964844,207.08999633789065,72292200,190.52249984741212,186.32480041503905,1,0.0,191.9007776857658,69.94527307248842,0.03804509442551707,2024-11,14970991433.258059,14970.99143325806
2024-11-07 05:00:00+00:00,207.44000244140625,212.25,207.19000244140625,210.0500030517578,52878400,191.69250030517577,187.10980041503908,1,0.0,193.62927533966982,71.94139550069843,0.01429333510169939,2024-11,11107108081.37207,11107.108081372071
2024-11-08 05:00:00+00:00,209.72000122070312,209.9600067138672,207.44000244140625,208.17999267578125,36075800,192.6604995727539,187.83100036621093,1,0.0,195.01505794310899,68.83114488428983,-0.008902691496347037,2024-11,7510259779.772949,7510.2597797729495
2024-11-11 05:00:00+00:00,208.5,209.6499938964844,205.58999633789065,206.83999633789065,35456000,193.6254997253418,188.39780029296875,1,0.0,196.1412425521358,66.60889429547399,-0.006436720074140423,2024-11,7333718910.156251,7333.718910156251
2024-11-12 05:00:00+00:00,208.3699951171875,209.5399932861328,206.00999450683597,208.91000366210935,38942900,194.68649978637694,189.05100036621093,1,0.0,197.35731503879992,68.3109367624384,0.01000777103494599,2024-11,8135561381.613158,8135.561381613158
2024-11-13 05:00:00+00:00,209.3999938964844,215.08999633789065,209.13999938964844,214.1000061035156,46212900,196.0470001220703,189.86640045166016,1,0.0,198.95185704496333,72.1447194484855,0.024843245179395845,2024-11,9894182172.061155,9894.182172061155
2024-11-14 05:00:00+00:00,214.16000366210935,215.8999938964844,210.8800048828125,211.47999572753903,42620300,197.24449996948243,190.53820037841797,1,0.0,200.14501310997056,67.69247870141353,-0.012237320417028852,2024-11,9013340861.906431,9013.34086190643
2024-11-15 05:00:00+00:00,206.75999450683597,207.33999633789065,199.6100006103516,202.6100006103516,86591100,197.9254997253418,191.16260040283203,1,0.0,200.37977382429258,55.2592451413433,-0.04194247823144048,2024-11,17544222823.851017,17544.222823851018
2024-11-18 05:00:00+00:00,204.1499938964844,204.6699981689453,200.9499969482422,201.6999969482422,36512500,198.55699920654297,191.68860046386717,1,0.0,200.50550935990685,54.160168136372064,-0.004491405455644193,2024-11,7364571138.572693,7364.571138572693
2024-11-19 05:00:00+00:00,199.3300018310547,205.3000030517578,198.77999877929688,204.6100006103516,31197900,199.30249938964843,192.18980041503906,1,0.0,200.89641328852062,57.09868923831243,0.014427385751801136,2024-11,6383402338.041688,6383.402338041688
2024-11-20 05:00:00+00:00,202.97999572753903,203.1300048828125,199.4499969482422,202.8800048828125,32769000,200.21099929809571,192.5570004272461,1,0.0,201.08532677369126,54.84766525811146,-0.008455088814713463,2024-11,6648174880.004883,6648.174880004883
2024-11-21 05:00:00+00:00,203.4900054931641,203.4900054931641,195.75,198.3800048828125,58800000,200.8109992980957,192.78460052490234,1,0.0,200.82767706979806,49.39296097358435,-0.022180598835253806,2024-11,11664744287.109375,11664.744287109375
2024-11-22 05:00:00+00:00,198.25,199.25999450683597,196.75,197.1199951171875,31530800,201.27549896240234,192.9972003173828,1,0.0,200.47456450288274,47.95485230447535,-0.006351495788949668,2024-11,6215351142.041016,6215.351142041016
2024-11-25 05:00:00+00:00,199.27999877929688,201.9499969482422,199.0,201.4499969482422,40685700,201.92849884033203,193.32840026855467,1,0.0,200.56746283101222,53.01733069353895,0.021966324768223133,2024-11,8196134140.837097,8196.134140837097
2024-11-26 05:00:00+00:00,201.8999938964844,208.0,201.7899932861328,207.8600006103516,41673700,202.77999877929688,193.74800018310546,1,0.0,201.26199023856836,59.324955527903136,0.03181932866326287,2024-11,8662295307.43561,8662.29530743561
2024-11-27 05:00:00+00:00,206.97999572753903,207.63999938964844,205.0500030517578,205.7400054931641,28061600,203.4304992675781,194.13420043945314,1,0.0,201.6884678818632,56.61762618668796,-0.010199148999145757,2024-11,5773393738.146974,5773.393738146973
2024-11-29 05:00:00+00:00,205.8300018310547,208.1999969482422,204.58999633789065,207.88999938964844,24892400,204.50499954223633,194.49460052490235,1,0.0,202.2790899302237,58.67721399632517,0.010450052683389277,2024-11,5174881020.806885,5174.881020806884
2024-12-02 05:00:00+00:00,209.9600067138672,212.9900054931641,209.50999450683597,210.7100067138672,39523200,205.1440002441406,194.87680053710938,1,0.0,203.0820343858088,61.274174682714296,0.01356490130596999,2024-12,8327933737.353516,8327.933737353516
2024-12-03 05:00:00+00:00,210.30999755859372,214.0200042724609,209.6499938964844,213.44000244140625,32214800,206.0270004272461,195.26800048828125,1,0.0,204.06850753396094,63.65545967991327,0.012956175029913197,2024-12,6875926990.649414,6875.926990649414
2024-12-04 05:00:00+00:00,215.9600067138672,220.0,215.75,218.16000366210935,48745700,206.96000061035156,195.7520004272461,1,0.0,205.41055478426077,67.38914495199981,0.022113948494724367,2024-12,10634362090.512083,10634.362090512082
2024-12-05 05:00:00+00:00,218.02999877929688,222.1499938964844,217.3000030517578,220.5500030517578,41140200,207.63300094604492,196.31240051269532,1,0.0,206.85240700021288,69.11907744115939,0.010955259211262947,2024-12,9073471235.549927,9073.471235549927
2024-12-06 05:00:00+00:00,220.75,227.1499938964844,220.6000061035156,227.02999877929688,44178100,208.48200073242188,197.02980041503906,1,0.0,208.7740824077447,73.26076687067794,0.029381072944344444,2024-12,10029753989.071655,10029.753989071656
2024-12-09 05:00:00+00:00,227.2100067138672,230.0800018310547,225.6699981689453,226.08999633789065,46819400,209.37750091552735,197.79220031738282,1,0.0,210.42321706775857,71.75730530596056,-0.004140432746599365,2024-12,10585397974.542238,10585.397974542238
2024-12-10 05:00:00+00:00,226.08999633789065,229.05999755859372,224.1999969482422,225.0399932861328,31199900,210.28750076293946,198.56640014648437,1,0.0,211.81529099331803,70.02851604463935,-0.004644181824783655,2024-12,7021225286.528015,7021.225286528015
2024-12-11 05:00:00+00:00,226.41000366210935,231.1999969482422,226.25999450683597,230.25999450683597,35385800,211.3550003051758,199.46899993896486,1,0.0,213.5719294231769,73.45272745390741,0.02319588240507131,2024-12,8147934113.619996,8147.934113619996
2024-12-12 05:00:00+00:00,229.8300018310547,231.08999633789065,227.6300048828125,228.97000122070312,28204100,212.09850006103517,200.3532000732422,1,0.0,215.03841245151273,71.28525513031416,-0.0056023335225717785,2024-12,6457892811.428833,6457.892811428833
2024-12-13 05:00:00+00:00,228.3999938964844,230.1999969482422,225.8600006103516,227.4600067138672,28768100,212.89750061035156,201.2632000732422,1,0.0,216.2214214288798,68.72869317978383,-0.006594726378065796,2024-12,6543592219.145203,6543.592219145203
2024-12-16 05:00:00+00:00,230.22999572753903,233.0,228.00999450683597,232.92999267578125,37552100,214.41350021362305,202.19160003662108,1,0.0,217.8127139285847,72.5668895663703,0.024048121869595374,2024-12,8747010377.960205,8747.010377960205
2024-12-17 05:00:00+00:00,232.38999938964844,232.72999572753903,227.8500061035156,231.1499938964844,35948100,215.88600006103516,203.19859985351562,1,0.0,219.08293106838468,69.57429322363058,-0.007641775792155969,2024-12,8309403095.590211,8309.40309559021
2024-12-18 05:00:00+00:00,230.7700042724609,231.3999938964844,220.1100006103516,220.5200042724609,43281400,216.68150024414064,203.95459991455078,1,0.0,219.2197951830586,54.989846471798465,-0.04598741035997567,2024-12,9544414512.918089,9544.414512918089
2024-12-19 05:00:00+00:00,224.91000366210935,226.08999633789065,222.9199981689453,223.2899932861328,39918700,217.70199966430664,204.71699981689454,1,0.0,219.6074330976371,57.49051913551063,0.012561168873593376,2024-12,8913446254.99115,8913.44625499115
2024-12-20 05:00:00+00:00,219.83999633789065,226.2100067138672,218.72999572753903,224.9199981689453,88279200,219.02899932861328,205.48239990234376,1,0.0,220.11339167585695,58.93629196218234,0.00729994595290151,2024-12,19855757502.355957,19855.75750235596
2024-12-23 05:00:00+00:00,225.00999450683597,226.8800048828125,223.8999938964844,225.05999755859372,28070000,220.4259994506836,206.20719970703124,1,0.0,220.58449699802236,59.065066578709704,0.0006224408269079884,2024-12,6317434131.469726,6317.434131469726
2024-12-24 05:00:00+00:00,226.94000244140625,229.13999938964844,226.1300048828125,229.0500030517578,15007500,221.80599975585938,207.03739990234374,1,0.0,221.3907356698067,62.659151381652784,0.017728630305015924,2024-12,3437467920.7992554,3437.4679207992554
2024-12-26 05:00:00+00:00,228.5,228.5,226.6699981689453,227.0500030517578,16146700,222.7654998779297,207.8245999145508,1,0.0,221.92971351570682,59.82378426135825,-0.00873171784917226,2024-12,3666108284.275818,3666.108284275818
2024-12-27 05:00:00+00:00,225.6000061035156,226.02999877929688,220.8999938964844,223.75,27367100,223.66599960327147,208.5617999267578,1,0.0,222.10307413325853,55.371526347356884,-0.014534256804240364,2024-12,6123388625.0,6123.388625
2024-12-30 05:00:00+00:00,220.05999755859372,223.0,218.42999267578125,221.3000030517578,28321200,224.33649978637695,209.23720001220704,1,0.0,222.0265911731156,52.26176952992441,-0.010949707031249978,2024-12,6267481646.429443,6267.481646429444
2024-12-31 05:00:00+00:00,222.97000122070312,223.22999572753903,218.94000244140625,219.38999938964844,24819700,224.770499420166,209.8451998901367,1,0.0,221.77548719373777,49.908520082734746,-0.008630834323407832,2024-12,5445193967.851257,5445.193967851257
2025-01-02 05:00:00+00:00,222.02999877929688,225.1499938964844,218.19000244140625,220.22000122070312,33956600,225.10949935913087,210.4681997680664,1,0.0,221.62734567249638,50.94228247113123,0.003783225458606987,2025-01,7477922493.450928,7477.9224934509275
2025-01-03 05:00:00+00:00,222.50999450683597,225.3600006103516,221.6199951171875,224.19000244140625,27515600,225.4109992980957,211.15799987792968,1,0.0,221.87140822191637,55.65623987445313,0.018027432561515733,2025-01,6168722431.176758,6168.722431176758
2025-01-06 05:00:00+00:00,226.77999877929688,228.83999633789065,224.83999633789065,227.6100006103516,31849800,225.76399917602538,212.01599975585938,1,0.0,222.41794083033878,59.28572436276121,0.015254909370185699,2025-01,7249332997.439576,7249.3329974395765
2025-01-07 05:00:00+00:00,227.8999938964844,228.3800048828125,221.4600067138672,222.1100006103516,28084200,225.51799926757812,212.73059967041016,1,0.0,222.38861319033998,51.925150255365594,-0.02416414035082548,2025-01,6237781679.141236,6237.781679141236
2025-01-08 05:00:00+00:00,223.19000244140625,223.5200042724609,220.1999969482422,222.1300048828125,25033300,225.31999969482422,213.4165997314453,1,0.0,222.36398382771833,51.948517801162374,9.006470850447812e-05,2025-01,5560647051.23291,5560.647051232911
2025-01-10 05:00:00+00:00,221.4600067138672,221.7100067138672,216.5,218.94000244140625,36811500,225.0150001525879,214.02759979248046,1,0.0,222.03789036235528,47.94627887367482,-0.014360970473526025,2025-01,8059509899.871826,8059.509899871826
2025-01-13 05:00:00+00:00,218.05999755859372,219.3999938964844,216.47000122070312,218.4600067138672,27262700,224.42500076293945,214.58019989013673,1,0.0,221.69713953868975,47.35508824531771,-0.0021923619356289947,2025-01,5955809625.038147,5955.809625038147
2025-01-14 05:00:00+00:00,220.44000244140625,221.82000732421875,216.1999969482422,217.75999450683597,24711700,223.8645004272461,215.08079986572267,1,0.0,221.32217334517986,46.45546154159781,-0.003204303696411004,2025-01,5381219656.254579,5381.219656254579
2025-01-15 05:00:00+00:00,222.8300018310547,223.57000732421875,220.75,223.3500061035156,31291300,223.65900039672852,215.81980010986328,1,0.0,221.51530027454518,53.974852348846376,0.02567051679689558,2025-01,6988912045.9869375,6988.912045986937
2025-01-16 05:00:00+00:00,224.4199981689453,224.6499938964844,220.30999755859372,220.66000366210935,24757300,223.0455009460449,216.27440032958984,1,0.0,221.4338434543132,50.3132239073586,-0.012043887924316987,2025-01,5462945908.663939,5462.94590866394
2025-01-17 05:00:00+00:00,225.83999633789065,226.50999450683597,223.0800018310547,225.94000244140625,42370100,222.785001373291,216.87760040283203,1,0.0,221.86300145308397,56.54470577844827,0.023928209424767477,2025-01,9573100497.442627,9573.100497442627
2025-01-21 05:00:00+00:00,228.8999938964844,231.77999877929688,226.94000244140625,230.7100067138672,39951500,223.29450149536132,217.50180053710938,1,0.0,222.70557338268236,61.27037615452159,0.021111818274402117,2025-01,9217210833.229065,9217.210833229065
2025-01-22 05:00:00+00:00,232.0200042724609,235.44000244140625,231.19000244140625,235.00999450683597,41448200,223.8805015563965,218.0602005004883,1,0.0,223.87742301355414,64.96873993995216,0.018638063663626525,2025-01,9740741254.31824,9740.74125431824
2025-01-23 05:00:00+00:00,234.1000061035156,235.5200042724609,231.50999450683597,235.4199981689453,26404400,224.40550155639647,218.56760040283203,1,0.0,224.97671588549616,65.30890488398805,0.0017446222360446573,2025-01,6216123799.6521,6216.1237996520995
2025-01-24 05:00:00+00:00,234.5,236.3999938964844,232.92999267578125,234.8500061035156,25890700,224.89500198364257,219.1010006713867,1,0.0,225.91702923959326,64.37306034582362,-0.002421170970448583,2025-01,6080431053.024291,6080.431053024291
2025-01-27 05:00:00+00:00,226.2100067138672,235.6100006103516,225.8600006103516,235.4199981689453,49428300,225.21350173950196,219.67260070800782,1,0.0,226.82207389953157,64.91449214519844,0.0024270472668350695,2025-01,11636410295.49408,11636.410295494079
2025-01-28 05:00:00+00:00,234.2899932861328,241.7700042724609,233.97999572753903,238.1499938964844,41587200,225.76850128173828,220.2574005126953,1,0.0,227.90092342305087,67.46482153083302,0.011596277923594078,2025-01,9903991426.171877,9903.991426171877
2025-01-29 05:00:00+00:00,239.0200042724609,240.38999938964844,236.1499938964844,237.07000732421875,26091700,226.43450164794922,220.71680053710938,1,0.0,228.77416950887638,65.4383436048856,-0.004534900692607535,2025-01,6185559510.101318,6185.559510101319
2025-01-30 05:00:00+00:00,237.13999938964844,237.9499969482422,232.22000122070312,234.63999938964844,32020700,227.10150146484375,221.18000061035156,1,0.0,229.33281997371182,60.99859525495453,-0.010250170242948609,2025-01,7513337028.456116,7513.337028456116
2025-01-31 05:00:00+00:00,236.5,240.2899932861328,236.41000366210935,237.67999267578125,36162400,228.0160011291504,221.88140045166017,1,0.0,230.12778880248035,64.2649962888976,0.012955989149507907,2025-01,8595078967.138672,8595.078967138672
2025-02-03 05:00:00+00:00,234.05999755859372,239.25,232.8999938964844,237.4199981689453,37285900,228.8760009765625,222.59580047607423,1,0.0,230.82228493261988,63.77306687750103,-0.0010938846972727845,2025-02,8852418309.727478,8852.418309727478
2025-02-04 05:00:00+00:00,239.00999450683597,242.5200042724609,238.02999877929688,242.05999755859372,29713800,229.76950073242188,223.34480041503906,1,0.0,231.89254327795072,68.41918334996433,0.019543422733693472,2025-02,7192522355.456542,7192.522355456542
2025-02-05 05:00:00+00:00,237.0200042724609,238.32000732421875,235.1999969482422,236.1699981689453,38727300,230.19750061035157,224.0106002807617,1,0.0,232.2999199342359,58.21305701777564,-0.024332807771026532,2025-02,9146226370.088196,9146.226370088196
2025-02-06 05:00:00+00:00,238.00999450683597,239.66000366210935,236.00999450683597,238.8300018310547,60897100,231.03350067138672,224.81960021972657,1,0.0,232.9218324958377,61.03961538143491,0.011263088803542765,2025-02,14544054504.50592,14544.05450450592
2025-02-07 05:00:00+00:00,232.5,234.80999755859372,228.05999755859372,229.1499938964844,77539300,231.3845001220703,225.4602001953125,1,0.0,232.56260977208976,48.2491770233658,-0.04053095448794497,2025-02,17768130121.737675,17768.130121737675
2025-02-10 05:00:00+00:00,230.5500030517578,233.9199981689453,229.1999969482422,233.13999938964844,35419900,232.09449996948243,226.09400024414063,1,0.0,232.6175992594763,52.65317365245904,0.017412199866636113,2025-02,8257795464.381409,8257.795464381408
2025-02-11 05:00:00+00:00,231.9199981689453,233.44000244140625,230.1300048828125,232.75999450683597,23713700,232.80949935913085,226.59200012207032,1,0.0,232.6311607116058,52.1975771005651,-0.0016299428832774465,2025-02,5519600681.736756,5519.600681736756
2025-02-12 05:00:00+00:00,230.4600067138672,231.17999267578125,228.16000366210935,228.92999267578125,32285200,233.3679992675781,227.05579986572266,1,0.0,232.27866851771773,47.716155450330604,-0.01645472556041938,2025-02,7391050599.536133,7391.050599536133
2025-02-13 05:00:00+00:00,228.8500061035156,230.4199981689453,227.5200042724609,230.3699951171875,31346500,233.71899871826173,227.50539978027345,1,0.0,232.0968900986196,49.47262697303673,0.006290143220533118,2025-02,7221293051.940918,7221.293051940918
2025-02-14 05:00:00+00:00,229.1999969482422,229.88999938964844,227.22999572753903,228.67999267578125,27031100,234.1199981689453,227.86479949951172,1,0.0,231.77147129644453,47.45756754072505,-0.007336035409240549,2025-02,6181471750.018311,6181.471750018311
2025-02-18 05:00:00+00:00,228.82000732421875,229.3000030517578,223.72000122070312,226.6499938964844,42975100,234.1554977416992,228.12899932861328,1,0.0,231.2837115440674,45.08225039861556,-0.008877028355405603,2025-02,9740306152.700808,9740.306152700807
2025-02-19 05:00:00+00:00,225.5200042724609,226.8300018310547,223.7100067138672,226.6300048828125,28566700,233.95149765014648,228.29839935302735,1,0.0,230.84050138585263,45.058335334863656,-8.81933122002243e-05,2025-02,6474071360.48584,6474.07136048584
2025-02-20 05:00:00+00:00,224.77999877929688,225.1300048828125,221.80999755859372,222.8800048828125,30001700,233.34499816894532,228.34499938964845,1,0.0,230.08235886175356,40.69669651353265,-0.016546793977871843,2025-02,6686779042.492676,6686.779042492676
2025-02-21 05:00:00+00:00,223.27999877929688,223.30999755859372,214.7400054931641,216.5800018310547,55323900,232.4029983520508,228.13599945068358,1,0.0,228.79642009692512,34.631557539988776,-0.028266344731418536,2025-02,11982050363.301086,11982.050363301087
2025-02-24 05:00:00+00:00,217.4499969482422,217.72000122070312,212.4199981689453,212.7100067138672,42387600,231.29599838256837,227.86839965820312,1,0.0,227.26438072711008,31.523621686765438,-0.017868663239768212,2025-02,9016266680.584717,9016.266680584717
2025-02-25 05:00:00+00:00,211.6300048828125,213.33999633789065,204.16000366210935,212.8000030517578,58958000,230.16499862670898,227.62359985351563,1,0.0,225.8868209485051,31.677177028376974,0.000423094048469963,2025-02,12546262579.925537,12546.262579925537
2025-02-26 05:00:00+00:00,214.94000244140625,218.16000366210935,213.08999633789065,214.3500061035156,39120600,228.97499923706056,227.3054000854492,1,0.0,224.7880766775537,34.40542877821808,0.007283848822975836,2025-02,8385500848.773192,8385.500848773192
2025-02-27 05:00:00+00:00,218.3500061035156,219.97000122070312,208.3699951171875,208.7400054931641,40548600,227.55849914550782,226.90080017089844,1,0.0,223.25968894570707,29.77163811531173,-0.02617215045770649,2025-02,8464114986.740113,8464.114986740113
2025-02-28 05:00:00+00:00,208.6499938964844,212.6199951171875,206.9900054931641,212.27999877929688,51771700,226.44049911499025,226.59720001220703,-1,-2.0,222.2140041679537,35.66025107628478,0.016958863624484843,2025-02,10990096412.802124,10990.096412802124
2025-03-03 05:00:00+00:00,213.3500061035156,214.00999450683597,202.5500030517578,205.0200042724609,42948400,224.80749969482423,226.03900024414062,-1,0.0,220.576480368383,30.088198616995896,-0.03420008737791658,2025-03,8805281151.49536,8805.28115149536
2025-03-04 05:00:00+00:00,200.1100006103516,206.8000030517578,197.42999267578125,203.8000030517578,60853100,223.12649993896486,225.4920004272461,-1,0.0,218.97872062394248,29.26077987600125,-0.005950644792113935,2025-03,12401861965.708923,12401.861965708924
2025-03-05 05:00:00+00:00,204.8000030517578,209.97999572753903,203.25999450683597,208.3600006103516,38610100,221.44150009155274,225.24880035400392,-1,0.0,217.96741395598144,36.31070692253542,0.022374865016246748,2025-03,8044800459.565736,8044.800459565736
2025-03-06 05:00:00+00:00,204.3999938964844,205.7700042724609,198.3000030517578,200.6999969482422,49863800,219.6680000305176,224.7970004272461,-1,0.0,216.32289805048248,30.764205707563562,-0.03676331176651404,2025-03,10007664507.827759,10007.664507827758
2025-03-07 05:00:00+00:00,199.4900054931641,202.2700042724609,192.52999877929688,199.25,59802800,217.68899993896486,224.28360046386717,-1,0.0,214.69690775996034,29.835163127005814,-0.007224698407026442,2025-03,11915707900.0,11915.7079
2025-03-10 04:00:00+00:00,195.6000061035156,196.72999572753903,190.8500061035156,194.5399932861328,62350900,215.95849990844727,223.67320037841796,-1,0.0,212.77720161959581,26.984514775126698,-0.02363867861413893,2025-03,12129743667.384338,12129.743667384339
2025-03-11 04:00:00+00:00,193.8999938964844,200.17999267578125,193.3999938964844,196.58999633789065,54002900,214.13099975585936,223.02400024414064,-1,0.0,211.23556302133818,30.114346068834692,0.010537694677220655,2025-03,10616429913.235476,10616.429913235475
2025-03-12 04:00:00+00:00,200.72000122070312,201.5200042724609,195.2899932861328,198.88999938964844,43679300,212.4375,222.46080017089844,-1,0.0,210.05979505641534,33.55564674228691,0.011699491808345286,2025-03,8687375950.340271,8687.37595034027
2025-03-13 04:00:00+00:00,198.1699981689453,198.8800048828125,191.82000732421875,193.88999938964844,41270800,210.68550033569335,221.8636001586914,-1,0.0,208.51981451672327,30.087145546445882,-0.025139524437347016,2025-03,8001995386.810303,8001.995386810303
2025-03-14 04:00:00+00:00,197.41000366210935,198.6499938964844,195.32000732421875,197.9499969482422,38096700,209.0645004272461,221.3966000366211,-1,0.0,207.51316522448698,35.882662322641934,0.02093969555611075,2025-03,7541241648.738098,7541.241648738098
2025-03-17 04:00:00+00:00,198.7700042724609,199.0,194.32000732421875,195.7400054931641,47341800,207.41750106811523,220.9236001586914,-1,0.0,206.39191191674195,34.21977877623148,-0.011164392468548168,2025-03,9266684192.056276,9266.684192056277
2025-03-18 04:00:00+00:00,192.5200042724609,194.0,189.3800048828125,192.82000732421875,40414900,205.72600173950195,220.37560028076172,-1,0.0,205.09934957459689,32.10289029086469,-0.014917738259935365,2025-03,7792801314.007568,7792.801314007568
2025-03-19 04:00:00+00:00,193.3800048828125,195.97000122070312,191.9600067138672,195.5399932861328,39442900,204.17150115966797,219.80260009765624,-1,0.0,204.18893468998127,36.07017239465096,0.014106347155876442,2025-03,7712664401.185608,7712.664401185608
2025-03-20 04:00:00+00:00,193.07000732421875,199.32000732421875,192.3000030517578,194.9499969482422,38921100,202.77500076293944,219.14940002441406,-1,0.0,203.3090358574347,35.58447067333822,-0.003017266841301769,2025-03,7587668326.222229,7587.668326222229
2025-03-21 04:00:00+00:00,192.8999938964844,196.9900054931641,192.5200042724609,196.2100067138672,60056900,201.7565010070801,218.63140014648437,-1,0.0,202.63293784376162,37.51944661871099,0.006463245885351521,2025-03,11783764752.21405,11783.76475221405
2025-03-24 04:00:00+00:00,200.0,203.63999938964844,199.9499969482422,203.25999450683597,41625400,201.28400039672852,218.25399993896485,-1,0.0,202.6926575259592,47.09531672887934,0.03593082692897398,2025-03,8460778575.34485,8460.77857534485
2025-03-25 04:00:00+00:00,203.6000061035156,206.2100067138672,203.22000122070312,205.7100067138672,31171200,200.92950057983398,217.98940002441407,-1,0.0,202.98002411528375,49.965236755786414,0.012053587883713357,2025-03,6412227761.279297,6412.227761279297
2025-03-26 04:00:00+00:00,205.83999633789065,206.00999450683597,199.92999267578125,201.1300048828125,32855300,200.26850051879882,217.64279998779296,-1,0.0,202.80383180742936,45.04583384749628,-0.022264360904062586,2025-03,6608186649.42627,6608.1866494262695
2025-03-27 04:00:00+00:00,200.88999938964844,203.7899932861328,199.27999877929688,201.3600006103516,27317700,199.8995002746582,217.31480010986328,-1,0.0,202.66632407437436,45.336890531244094,0.0011435177345771042,2025-03,5500692088.673402,5500.6920886734015
2025-03-28 04:00:00+00:00,198.4199981689453,199.25999450683597,191.8800048828125,192.72000122070312,52548200,198.9215003967285,216.70220001220704,-1,0.0,201.71905523116757,37.33683378846353,-0.04290822091507429,2025-03,10127089168.145752,10127.089168145752
2025-03-31 04:00:00+00:00,188.19000244140625,191.3300018310547,184.3999938964844,190.25999450683597,63547600,198.1834999084473,216.09419982910157,-1,0.0,200.62771611456455,35.42036549224788,-0.01276466738421178,2025-03,12090566026.92261,12090.56602692261
2025-04-01 04:00:00+00:00,187.8600006103516,193.92999267578125,187.1999969482422,192.1699981689453,41267300,197.60199966430667,215.41879974365236,-1,0.0,199.82221916736273,38.077979255363815,0.010038913682617112,2025-04,7930336965.437317,7930.336965437317
2025-04-02 04:00:00+00:00,187.66000366210935,198.33999633789065,187.66000366210935,196.00999450683597,53679200,196.9844993591309,214.72479949951173,-1,0.0,199.45915015207447,43.143859839340394,0.019982288465834053,2025-04,10521659697.13135,10521.65969713135
2025-04-03 04:00:00+00:00,183.0,184.1300048828125,176.9199981689453,178.41000366210938,95553600,195.86999969482423,213.5927996826172,-1,0.0,197.45446953398255,30.733422848885482,-0.08979129298487265,2025-04,17047718125.927734,17047.718125927735
2025-04-04 04:00:00+00:00,167.14999389648438,178.13999938964844,166.0,171.0,123159400,194.45749969482424,212.3043997192383,-1,0.0,194.9349962450318,27.187509145413827,-0.041533565999713695,2025-04,21060257400.0,21060.2574
2025-04-07 04:00:00+00:00,162.0,183.41000366210935,161.3800048828125,175.25999450683594,109327100,193.4934997558594,211.1125994873047,-1,0.0,193.06118655567983,32.041889753777255,0.024912248577988017,2025-04,19160666945.448303,19160.6669454483
2025-04-08 04:00:00+00:00,185.22999572753903,185.8999938964844,168.57000732421875,170.66000366210938,87710400,192.19700012207034,209.81739959716796,-1,0.0,190.92774056581598,29.736470246224727,-0.026246667744515673,2025-04,14968657185.205078,14968.657185205078
2025-04-09 04:00:00+00:00,172.1199951171875,192.6499938964844,169.92999267578125,191.1000061035156,116804300,191.8075004577637,208.8763998413086,-1,0.0,190.94414680750168,47.732362111333956,0.11977031526306248,2025-04,22321302442.916866,22321.302442916865
2025-04-10 04:00:00+00:00,185.44000244140625,186.8699951171875,175.85000610351562,181.22000122070312,68302000,191.17400054931642,207.75939971923827,-1,0.0,190.01803770399704,42.117182852694846,-0.051700704171933065,2025-04,12377688523.376465,12377.688523376464
2025-04-11 04:00:00+00:00,179.92999267578125,185.8600006103516,178.0,184.8699951171875,50594300,190.5200004577637,206.76399963378907,-1,0.0,189.52774793382468,44.70512885950721,0.020141230945248445,2025-04,9353367993.95752,9353.36799395752
2025-04-14 04:00:00+00:00,186.83999633789065,187.44000244140625,179.22999572753906,182.1199951171875,48002500,189.83899993896486,205.6527996826172,-1,0.0,188.8222476655735,43.14013620948637,-0.014875318183769082,2025-04,8742215065.612793,8742.215065612792
2025-04-15 04:00:00+00:00,181.41000366210935,182.3500061035156,177.92999267578125,179.58999633789062,43642000,189.17749938964846,204.4961996459961,-1,0.0,187.94298563436564,41.69402698794377,-0.013891933050343641,2025-04,7837666620.178223,7837.666620178223
2025-04-16 04:00:00+00:00,176.2899932861328,179.10000610351562,171.41000366210938,174.3300018310547,51875300,188.11699981689455,203.14159973144533,-1,0.0,186.64651098643125,38.78322186521163,-0.029288905919567454,2025-04,9043421143.986511,9043.421143986512
2025-04-17 04:00:00+00:00,176.0,176.2100067138672,172.0,172.61000061035156,44468400,187.00000000000003,201.87039978027343,-1,0.0,185.30970047442366,37.852621126097496,-0.009866352335440198,2025-04,7675690551.141357,7675.690551141357
2025-04-21 04:00:00+00:00,169.60000610351562,169.60000610351562,165.2899932861328,167.32000732421875,48126100,185.5555000305176,200.4401998901367,-1,0.0,183.59639636488035,35.06576900040689,-0.030647084568839134,2025-04,8052459404.486084,8052.459404486084
2025-04-22 04:00:00+00:00,169.85000610351562,176.77999877929688,169.35000610351562,173.17999267578125,56607200,184.05149993896487,199.32079986572265,-1,0.0,182.60435791829946,40.30848865485618,0.03502262189247651,2025-04,9803234481.396484,9803.234481396485
2025-04-23 04:00:00+00:00,183.4499969482422,187.3800048828125,180.19000244140625,180.6000061035156,63470100,182.79599990844727,198.27,-1,0.0,182.41346726927242,46.22856619055045,0.042845673527805994,2025-04,11462700447.390745,11462.700447390745
2025-04-24 04:00:00+00:00,180.9199981689453,186.7400054931641,180.17999267578125,186.5399932861328,43763200,182.06649932861328,197.34559997558594,-1,0.0,182.80646974706866,50.464030145274535,0.032890293365840595,2025-04,8163587034.1796875,8163.587034179687
2025-04-25 04:00:00+00:00,187.6199951171875,189.94000244140625,185.4900054931641,188.9900054931641,36414300,181.44799957275393,196.5468002319336,-1,0.0,183.39537791336346,52.13859599877632,0.013133978209558528,2025-04,6881938757.029725,6881.938757029725
2025-04-28 04:00:00+00:00,190.1100006103516,190.22000122070312,184.88999938964844,187.6999969482422,33224700,181.19699935913087,195.69340026855468,-1,0.0,183.80534163097096,51.15796893075589,-0.006825802991833663,2025-04,6236276088.606262,6236.276088606262
2025-04-29 04:00:00+00:00,183.9900054931641,188.0200042724609,183.67999267578125,187.38999938964844,41667300,181.0534996032715,194.86760040283204,-1,0.0,184.14673760798786,50.910169980903596,-0.0016515586767922308,2025-04,7808035321.568298,7808.035321568298
2025-04-30 04:00:00+00:00,182.1699981689453,185.0500030517578,178.85000610351562,184.4199981689453,55176500,180.66599960327147,194.02300048828124,-1,0.0,184.17276242331715,48.486943461864456,-0.015849304820837684,2025-04,10175650028.968811,10175.65002896881
2025-05-01 04:00:00+00:00,190.6300048828125,191.80999755859372,187.5,190.1999969482422,74266000,180.3754997253418,193.29440032958985,-1,0.0,184.7467847590243,53.159619604660705,0.031341496782804956,2025-05,14125392973.358154,14125.392973358154
2025-05-02 04:00:00+00:00,191.44000244140625,192.8800048828125,186.3999938964844,189.97999572753903,77903500,180.9539993286133,192.63640014648436,-1,0.0,185.24518580364474,52.96269478177738,-0.0011566836184704332,2025-05,14800106597.160337,14800.106597160337
2025-05-05 04:00:00+00:00,186.50999450683597,188.17999267578125,185.52999877929688,186.3500061035156,35217500,181.72149963378905,192.0318002319336,-1,0.0,185.35040678458483,49.69178777484182,-0.01910722026349243,2025-05,6562781339.950561,6562.78133995056
2025-05-06 04:00:00+00:00,184.57000732421875,187.92999267578125,183.8500061035156,185.00999450683597,29314100,182.20899963378906,191.47779998779296,-1,0.0,185.31798656765636,48.50099383088121,-0.007190832051463758,2025-05,5423401479.97284,5423.40147997284
2025-05-07 04:00:00+00:00,185.55999755859372,190.9900054931641,185.00999450683597,188.7100067138672,43948600,183.11149978637695,190.99600006103515,-1,0.0,185.64103610539073,51.926590322395114,0.0199989855515319,2025-05,8293540601.065063,8293.540601065064
2025-05-08 04:00:00+00:00,191.42999267578125,194.3300018310547,188.82000732421875,192.0800018310547,41043600,183.1604995727539,190.55059997558592,-1,0.0,186.25427093640636,54.87103582540326,0.01785806262143419,2025-05,7883654763.153076,7883.654763153077
2025-05-09 04:00:00+00:00,193.3800048828125,194.69000244140625,191.16000366210935,193.05999755859372,29663100,183.75249938964842,190.23699981689452,-1,0.0,186.90243537661468,55.72037685543859,0.005102018524557161,2025-05,5726758013.580321,5726.758013580321
2025-05-12 04:00:00+00:00,210.7100067138672,211.66000366210935,205.75,208.63999938964844,75205000,184.94099960327145,190.16419982910156,-1,0.0,188.97267956833218,66.51119540612214,0.08070031092964336,2025-05,15690771154.09851,15690.771154098511
2025-05-13 04:00:00+00:00,211.0800018310547,214.83999633789065,210.1000061035156,211.3699951171875,56193700,186.40349960327146,190.2911996459961,-1,0.0,191.10575723965172,67.98351882010542,0.01308471882441209,2025-05,11877662094.6167,11877.662094616699
2025-05-14 04:00:00+00:00,211.4499969482422,211.92999267578125,208.8500061035156,210.25,38492100,187.93649978637694,190.42019958496093,-1,0.0,192.92901845492298,66.68815687844749,-0.005298742220089303,2025-05,8092964025.0,8092.964025
2025-05-15 04:00:00+00:00,206.4499969482422,206.8800048828125,202.6699981689453,205.1699981689453,64347300,189.47849960327147,190.3563995361328,-1,0.0,194.09482604673465,61.00983787634497,-0.024161720956264898,2025-05,13202135423.176575,13202.135423176574
2025-05-16 04:00:00+00:00,206.8500061035156,206.8500061035156,204.3699951171875,205.58999633789065,43318500,191.12749938964845,190.45419952392578,1,2.0,195.1896041697019,61.30320690268849,0.002047074000553817,2025-05,8905850256.362917,8905.850256362917
2025-05-19 04:00:00+00:00,201.6499938964844,206.6199951171875,201.25999450683597,206.16000366210935,34314800,193.06949920654296,190.59239959716797,1,0.0,196.23440412135974,61.72412928517472,0.0027725440652368594,2025-05,7074339293.66455,7074.33929366455
2025-05-20 04:00:00+00:00,204.6300048828125,205.58999633789065,202.6499938964844,204.07000732421875,29470400,194.6139999389648,190.78299987792968,1,0.0,196.98065204544156,59.18217498393787,-0.0101377391383638,2025-05,6014024743.847656,6014.024743847656
2025-05-21 04:00:00+00:00,201.6100006103516,203.4600067138672,200.05999755859372,201.1199951171875,42460900,195.63999938964844,190.87359985351563,1,0.0,197.37487519513166,55.69561802059825,-0.014455883280997672,2025-05,8539736000.671387,8539.736000671386
2025-05-22 04:00:00+00:00,201.3800048828125,205.75999450683597,200.16000366210935,203.1000061035156,38938900,196.46800003051757,190.95779998779298,1,0.0,197.9201257578349,57.505167390808104,0.009844923599835909,2025-05,7908490827.664184,7908.490827664184
2025-05-23 04:00:00+00:00,198.8999938964844,202.3699951171875,197.8500061035156,200.9900054931641,33393500,197.06800003051757,191.09980010986328,1,0.0,198.21249525643768,54.93041031039649,-0.010388973643240984,2025-05,6711759748.435975,6711.759748435975
2025-05-27 04:00:00+00:00,203.08999633789065,206.69000244140625,202.19000244140625,206.0200042724609,34892000,197.9840003967285,191.26120025634765,1,0.0,198.956067543678,59.57693847427353,0.02502611394509313,2025-05,7188449989.074706,7188.449989074706
2025-05-28 04:00:00+00:00,205.9199981689453,207.66000366210935,204.41000366210935,204.72000122070312,28549800,198.85050048828123,191.44080017089843,1,0.0,199.50501360815656,57.91506597743682,-0.00631008166584901,2025-05,5844715090.85083,5844.71509085083
2025-05-29 04:00:00+00:00,208.02999877929688,208.80999755859372,204.22999572753903,205.6999969482422,34650000,199.91450042724608,191.6983999633789,1,0.0,200.09501202149806,58.84700072508878,0.004787005283780621,2025-05,7127504894.256592,7127.504894256592
2025-05-30 04:00:00+00:00,204.83999633789065,205.9900054931641,201.6999969482422,205.00999450683597,51649600,200.65500030517575,191.88779998779296,1,0.0,200.56310559153025,57.87523241852022,-0.0033544115296211263,2025-05,10588684212.280275,10588.684212280275
